TITLE,OG URL,MP4 URL,MUSIC,#LIKE,#COMMENT,ID
ë¨¸ìŠ¤í¬ê°€ ì¸ì¬ë¥¼ ì±„ìš©í• ë•Œ ì ˆëŒ€ ë½‘ì§€ ì•ŠëŠ” ìœ í˜•ì€,https://www.youtube.com/shorts/VOPoeZhuwrc,https://drive.google.com/file/d/13V784QV0ouEyAWvxVloKP1BKp78cfugw/view?t=2,Cheerful Vibes Â· Sonique Music,3K,976,@ì²œì¬í˜•musk
ì¼ë¡   ë¨¸ìŠ¤í¬ê°€ ì‚¼ì„±ì„ ì„ íƒí•œ ì´ìœ ,https://www.youtube.com/shorts/ZSvroRtkZls,https://drive.google.com/file/d/13V784QV0ouEyAWvxVloKP1BKp78cfugw/view?t=2,,7K,722,@hs_academy
ë¹Œ ê²Œì´ì¸  vs. ì¼ë¡  ë¨¸ìŠ¤í¬ ëŒ€ì¤‘ ëŒ€í•˜ëŠ” ìì„¸,https://www.youtube.com/shorts/uYSudydS8Y0,https://drive.google.com/file/d/13V784QV0ouEyAWvxVloKP1BKp78cfugw/view?t=2,,9K,172,@Wisdom_Box
ì¼ë¡  ë¨¸ìŠ¤í¬ë„ ê·¹ì°¬í•œ ì¸í„°ë·°! ìŠ¹ë¦¬ë¥¼ ë§Œë“œëŠ” ë‡Œ!,https://www.youtube.com/shorts/zAqkGVfTf2s,https://drive.google.com/file/d/13V784QV0ouEyAWvxVloKP1BKp78cfugw/view?t=2,,13K,660,@ë°íŒ¸
BBC ê¸°ì ì”¹ì–´ë¨¹ëŠ” ì¼ë¡  ë¨¸ìŠ¤í¬ ğŸ¥µ,https://www.youtube.com/shorts/h_BWhrzAZSU,https://drive.google.com/file/d/13V784QV0ouEyAWvxVloKP1BKp78cfugw/view?t=2,,4K,877,@Wisdom_Box
"ì£¼ 7ì¼ ì¼í•˜ëŠ” ì¼ë¡  ë¨¸ìŠ¤í¬ê°€ ë§í•˜ëŠ” ì›Œë¼ë°¸.. - ë™ê¸°ë¶€ì—¬, ìê¸°ê³„ë°œ, ì„±ê³µ, ë¶€ì",https://www.youtube.com/shorts/36ev-23neSk,https://drive.google.com/file/d/13V784QV0ouEyAWvxVloKP1BKp78cfugw/view?t=2,,20K,161,@Reform_Human
ì¼ë¡  ë¨¸ìŠ¤í¬ì˜ ì¸í„°ë·° ì² í•™: ì§„ì§œ ì¸ì¬ë¥¼ ê³ ë¥´ëŠ” ë¹„ê²°,https://www.youtube.com/shorts/aK1Y6fUteCg,https://drive.google.com/file/d/13V784QV0ouEyAWvxVloKP1BKp78cfugw/view?t=2,,6K,169,@supermomclass
ì¼ë¡ ë¨¸ìŠ¤í¬ì˜ ëˆˆë¬¼,https://www.youtube.com/shorts/xppkIQR1GTE,https://drive.google.com/file/d/13V784QV0ouEyAWvxVloKP1BKp78cfugw/view?t=2,,17K,889,@sentenx.
"17ë…„ ì „, ì¼ë¡  ë¨¸ìŠ¤í¬ê°€ ë‚¨ê¸´ í•œë§ˆë”” | Why Elon Musk Chose Mars Over the Beach â€“ 17 Years Ago",https://www.youtube.com/shorts/6Yxpw7u_EVM,https://drive.google.com/file/d/13V784QV0ouEyAWvxVloKP1BKp78cfugw/view?t=2,,20K,100,@MuskLog1
"ì¼ë¡  ë¨¸ìŠ¤í¬, ë‹¤ìŒ íˆ¬ì ì„¹ì…˜ì€? | Elon Musk, Whatâ€™s the Next Investment Sector?",https://www.youtube.com/shorts/i79he98mrS8,https://drive.google.com/file/d/13V784QV0ouEyAWvxVloKP1BKp78cfugw/view?t=2,to infinity Â· Echo Note,1K,612,@MuskLog1
ë‹¨ í•œ ëª…ì˜ ì²œì¬(ì¼ë¡  ë¨¸ìŠ¤í¬),https://www.youtube.com/shorts/qxT9xG_YGLU,https://drive.google.com/file/d/13V784QV0ouEyAWvxVloKP1BKp78cfugw/view?t=2,,20K,125,@human_Intelligence_korea
ì¼ë¡ ë¨¸ìŠ¤í¬ ì¸í„°ë·° - ì¼ë¡ ë¨¸ìŠ¤í¬ê°€ í™”ì„±ì— ì‚´ê³  ì‹¶ì€ ì´ìœ  #shorts,https://www.youtube.com/shorts/zPDuyUkOeHk,https://drive.google.com/file/d/13V784QV0ouEyAWvxVloKP1BKp78cfugw/view?t=2,,4K,591,@mentalcompany2021
í…ŒìŠ¬ë¼ ì¸í„°ë·° ì¶©ê²©ì ì¸ ë°˜ì „ ê²°ë§,https://www.youtube.com/shorts/W_8pd0J8xvA,https://drive.google.com/file/d/13V784QV0ouEyAWvxVloKP1BKp78cfugw/view?t=2,,1K,485,@MuskLabShorts
ì¼ë¡ ë¨¸ìŠ¤í¬ ë„ì§€ì½”ì¸ì— ëŒ€í•œ ê°€ì¥ ìµœê·¼ ìƒê°,https://www.youtube.com/shorts/127v7Zb9hY4,https://drive.google.com/file/d/13V784QV0ouEyAWvxVloKP1BKp78cfugw/view?t=2,,15K,111,@ggultong
ì¼ë¡  ë¨¸ìŠ¤í¬ê°€ ë§í•˜ëŠ” ì¸ìƒì˜ ì˜ë¯¸ | Elon Musk,https://www.youtube.com/shorts/QQojbVjqMTk,https://drive.google.com/file/d/13V784QV0ouEyAWvxVloKP1BKp78cfugw/view?t=2,Epicness - Epic Music (Royalty Free Music) By Anwar Amr Â· @MT80AnwarAmr,6K,198,@thesecret_official
ê²°êµ­ ëˆˆë¬¼ìƒ˜ í„°ì§„ ì¼ë¡  ë¨¸ìŠ¤í¬ ğŸ˜¢,https://www.youtube.com/shorts/hvb-fhpw8UM,https://drive.google.com/file/d/13V784QV0ouEyAWvxVloKP1BKp78cfugw/view?t=2,,3K,960,@Wisdom_Box
ë¨¸ìŠ¤í¬ì˜ í•˜ë£¨ ì‹ë¹„ëŠ” ì–¼ë§ˆ?,https://www.youtube.com/shorts/qUzz0Unn9CI,https://drive.google.com/file/d/13V784QV0ouEyAWvxVloKP1BKp78cfugw/view?t=2,Cheerful Vibes Â· Sonique Music,16K,612,@ì¢‹ì€ì¹œêµ¬-s
ì¼ë¡  ë¨¸ìŠ¤í¬ì˜ ì¼ìƒ,https://www.youtube.com/shorts/TNmHqZQkB38,https://drive.google.com/file/d/13V784QV0ouEyAWvxVloKP1BKp78cfugw/view?t=2,,13K,972,@intpy
ë”¸ë¡œ ì„±ì „í™˜í•œ ë¨¸ìŠ¤í¬ ìŒë‘¥ì´ ì•„ë“¤. ìš”ì¦˜í•˜ëŠ”ì¼ #ë¹„ë¹„ì•ˆì œë‚˜ìœŒìŠ¨,https://www.youtube.com/shorts/4KM4QIADlno,https://drive.google.com/file/d/13V784QV0ouEyAWvxVloKP1BKp78cfugw/view?t=2,,18K,403,@orora21
ì¼ë¡  ë¨¸ìŠ¤í¬ ë©´ì ‘ ì§ˆë¬¸,https://www.youtube.com/shorts/J7fYumudIoU,https://drive.google.com/file/d/13V784QV0ouEyAWvxVloKP1BKp78cfugw/view?t=2,,3K,669,@success__spoon
"ì¼ë¡  ë¨¸ìŠ¤í¬ì˜ êµìœ¡ê´€, ëŒ€í•™í¸ #elonmuskmotivation #ì¼ë¡ ë¨¸ìŠ¤í¬ #ì˜ì–´íšŒí™” #interview",https://www.youtube.com/shorts/sFCkE2zRlUg,https://drive.google.com/file/d/13V784QV0ouEyAWvxVloKP1BKp78cfugw/view?t=2,#elonmuskmotivation,1K,821,@dreamfuel-bty
ì¼ë¡  ë¨¸ìŠ¤í¬ì˜ ë‹¨ í•˜ë‚˜ì˜ ë©´ì ‘ ì§ˆë¬¸,https://www.youtube.com/shorts/bWl6U3vSLEU,https://drive.google.com/file/d/13V784QV0ouEyAWvxVloKP1BKp78cfugw/view?t=2,Under Pressure Â· Echover Music,11K,637,@GapMentality
3D ì—¬ì¹œ ë¬´ë£Œë°°í¬í•œ ì¼ë¡ ë¨¸ìŠ¤í¬,https://www.youtube.com/shorts/iCOlB4OkLpE,https://drive.google.com/file/d/13V784QV0ouEyAWvxVloKP1BKp78cfugw/view?t=2,,12K,975,@codingapple
ê³¼í•™ìê°€ ë§í•˜ëŠ” ì„¸ìƒ ì‹œë®¬ë ˆì´ì…˜ë¡ ,https://www.youtube.com/shorts/q70PFvm4yDI,https://drive.google.com/file/d/13V784QV0ouEyAWvxVloKP1BKp78cfugw/view?t=2,,19K,311,@ê³¼í•™ì„ë³´ë‹¤7
"ì¼ë¡ ë¨¸ìŠ¤í¬ ì•„ë“¤ X, ë°±ì•…ê´€ ê¸°ìíšŒê²¬ ì‹œì„ ê°•íƒˆ",https://www.youtube.com/shorts/vmpmOehECOo,https://drive.google.com/file/d/13V784QV0ouEyAWvxVloKP1BKp78cfugw/view?t=2,,18K,980,@CEO_Pick
ì¼ë¡  ë¨¸ìŠ¤í¬ ì•ì—ì„œ 99%ê°€ íƒˆë½í•˜ëŠ” ê·¸ ì§ˆë¬¸,https://www.youtube.com/shorts/jGIXJqOtKa8,https://drive.google.com/file/d/13V784QV0ouEyAWvxVloKP1BKp78cfugw/view?t=2,,14K,285,@ì¸ë¬¼íŒŒì¼-h1e
ì¼ë¡ ë¨¸ìŠ¤í¬ 20ì´ˆë‚˜ ê³ ë¯¼í•˜ê²Œ ë§Œë“  ì§ˆë¬¸!,https://www.youtube.com/shorts/N1ZSpkqDX84,https://drive.google.com/file/d/13V784QV0ouEyAWvxVloKP1BKp78cfugw/view?t=2,,18K,457,@Leescartes
ì¼ë¡ ë¨¸ìŠ¤í¬ê°€ ì›í•˜ëŠ” ê²ƒì„ ë‹¤ ì´ë£¨ëŠ” ë°©ë²•,https://www.youtube.com/shorts/fkRzZ_H8SYc,https://drive.google.com/file/d/13V784QV0ouEyAWvxVloKP1BKp78cfugw/view?t=2,,17K,67,@younsojung
[ì´ì½”ìŠ¤í† ë¦¬] ì¼ë¡  ë¨¸ìŠ¤í¬ì˜ íŠ¹í—ˆ ê¸°ë¶€,https://www.youtube.com/shorts/d4J7PZkgm20,https://drive.google.com/file/d/13V784QV0ouEyAWvxVloKP1BKp78cfugw/view?t=2,,17K,255,@MKeconomy_TV
"ì‚¶ì˜ ì˜ë¯¸ (ì¼ë¡ ë¨¸ìŠ¤í¬, ì¡°ë˜í”¼í„°ìŠ¨)",https://www.youtube.com/shorts/cF4Xq5nlDnI,https://drive.google.com/file/d/13V784QV0ouEyAWvxVloKP1BKp78cfugw/view?t=2,,14K,258,@B_ZCF
ì¼ë¡ ë¨¸ìŠ¤í¬ ë„ì§€ì½”ì¸ ì¶©ê²©ì ì¸ ì¸í„°ë·°,https://www.youtube.com/shorts/XxRkeZzdv9M,https://drive.google.com/file/d/13V784QV0ouEyAWvxVloKP1BKp78cfugw/view?t=2,Sleep Whispers Â· Glint Carter,7K,20,@samagugu
ì¼ë¡  ë¨¸ìŠ¤í¬: ë¯¸ë˜ì—ëŠ” ëˆì´ ì˜ë¯¸ ì—†ì–´ì§„ë‹¤? #ì¼ë¡ ë¨¸ìŠ¤í¬ #í…ŒìŠ¬ë¼,https://www.youtube.com/shorts/gi3M_uod5uo,https://drive.google.com/file/d/13V784QV0ouEyAWvxVloKP1BKp78cfugw/view?t=2,,16K,946,@ë¨¸ìŠ¤í¬ì˜ëª¨ë“ ê²ƒ
ì¼ë¡ ë¨¸ìŠ¤í¬ ê·€ì—¬ìš´ 7ë²ˆì§¸ ì•„ë“¤ì´ ì¸í„°ë·° ë°©í•´ ã…‹ã…‹ã…‹ã…‹ã…‹,https://www.youtube.com/shorts/2uvT8FiZ584,https://drive.google.com/file/d/13V784QV0ouEyAWvxVloKP1BKp78cfugw/view?t=2,Happy Daily Â· Lunatic Souls,19K,545,@ë”°ëœ»í•œì´ì•¼ê¸°êµ¬ë…
ì¼ë¡ ë¨¸ìŠ¤í¬ì˜ í•˜ë£¨,https://www.youtube.com/shorts/jN_r3M40eWc,https://drive.google.com/file/d/13V784QV0ouEyAWvxVloKP1BKp78cfugw/view?t=2,,2K,411,@upper-class
ì¼ë¡ ë¨¸ìŠ¤í¬ ì¸í„°ë·° - í…ŒìŠ¬ë¼ëŠ” 'ë¬´ìŠ¨' íšŒì‚¬ì¼ê¹Œ #shorts,https://www.youtube.com/shorts/tgWBm2FI51A,https://drive.google.com/file/d/13V784QV0ouEyAWvxVloKP1BKp78cfugw/view?t=2,,3K,872,@mentalcompany2021
ëŒ€í•™ì› ì™œê°? (ì¼ë¡  ë¨¸ìŠ¤í¬),https://www.youtube.com/shorts/rOXxKwB6KIc,https://drive.google.com/file/d/13V784QV0ouEyAWvxVloKP1BKp78cfugw/view?t=2,,14K,8,@B_ZCF
"ì¼ë¡ ë¨¸ìŠ¤í¬ì˜ ìŠ¤íƒ€ë§í¬, ì¸í„°ë„·ì˜ ë¯¸ë˜?",https://www.youtube.com/shorts/kCVK2q-fyWc,https://drive.google.com/file/d/13V784QV0ouEyAWvxVloKP1BKp78cfugw/view?t=2,,7K,890,@honeycomtv
"ì¼ë¡ ë¨¸ìŠ¤í¬ ëˆˆì— ë©ì´ ë“  ì§„ì§œ ì´ìœ , 50ì´ˆ ì•ˆì— ì„¤ëª…í•˜ê¸°",https://www.youtube.com/shorts/RuZ9ZbI1ncg,https://drive.google.com/file/d/13V784QV0ouEyAWvxVloKP1BKp78cfugw/view?t=2,Cinematic Reverie Â· Rhymora Music,11K,311,@jjinkwak
ì¼ë¡ ë¨¸ìŠ¤í¬ê°€ ë©´ì ‘ì—ì„œ ê¼­ ë¬»ëŠ” ì§ˆë¬¸,https://www.youtube.com/shorts/ynxEULW3jYc,https://drive.google.com/file/d/13V784QV0ouEyAWvxVloKP1BKp78cfugw/view?t=2,Cheerful Vibes Â· Sonique Music,3K,198,@í…ì‚¬ìŠ¤ì°ë¶€ì
ì¼ë¡  ë¨¸ìŠ¤í¬ê°€ ë©´ì ‘ì‹œ ê¼­ ë¬¼ì–´ë³´ëŠ” ì´ê²ƒ â˜ï¸,https://www.youtube.com/shorts/T9T8EYfPzhs,https://drive.google.com/file/d/13V784QV0ouEyAWvxVloKP1BKp78cfugw/view?t=2,,14K,26,@Wisdom_Box
ì¼ë¡ ë¨¸ìŠ¤í¬ ì¸í„°ë·° - ì¼ë¡ ë¨¸ìŠ¤í¬ì˜ íŠ¹ë³„í•œ ì¬ëŠ¥ #shorts,https://www.youtube.com/shorts/HMtYPrK2W80,https://drive.google.com/file/d/13V784QV0ouEyAWvxVloKP1BKp78cfugw/view?t=2,,17K,282,@mentalcompany2021
ì¼ë¡  ë¨¸ìŠ¤í¬ê°€ ì§ì ‘ ë¬¼ì–´ë³¸ í…ŒìŠ¬ë¼ ë©´ì ‘ ì§ˆë¬¸ ê³µê°œ [ì‹¤ì œ ì‚¬ë¡€],https://www.youtube.com/shorts/qyzPNy-0EGg,https://drive.google.com/file/d/13V784QV0ouEyAWvxVloKP1BKp78cfugw/view?t=2,,14K,150,@í™©ê¸ˆë¹›ì¡°ê°ë“¤
ì¼ë¡  ë¨¸ìŠ¤í¬ê°€ ë§í•˜ëŠ” ì¸ìƒì˜ ì˜ë¯¸ | ë™ê¸°ë¶€ì—¬ ì˜ìƒ,https://www.youtube.com/shorts/U5t6bNj4fXk,https://drive.google.com/file/d/13V784QV0ouEyAWvxVloKP1BKp78cfugw/view?t=2,,5K,968,@í•˜ë©´ëœë‹¤-j2i
í…ŒìŠ¬ë¼ ì‚¬ì´ë²„íŠ¸ëŸ­ ë””ìì¸ì„ ì´í•´í•˜ê¸° ì–´ë ¤ìš´ ì´ìœ  feat. ì¼ë¡  ë¨¸ìŠ¤í¬ì˜ ê³ ì§‘,https://www.youtube.com/shorts/pAL91YNshCA,https://drive.google.com/file/d/13V784QV0ouEyAWvxVloKP1BKp78cfugw/view?t=2,,9K,732,@techumentary
"ì¼ë¡  ë¨¸ìŠ¤í¬, ë¬´ë„ˆì¡Œë˜ ë‚  | ê·¸ë¥¼ ì‚´ë¦° ë‹¨ í•œ í†µì˜ ì „í™”",https://www.youtube.com/shorts/UPqPVpDXfnw,https://drive.google.com/file/d/13V784QV0ouEyAWvxVloKP1BKp78cfugw/view?t=2,,5K,753,@MuskLog1
ì¸í„°ë·° ì¤‘ ëˆˆë¬¼ ë³´ì´ëŠ” ì¼ë¡  ë¨¸ìŠ¤í¬,https://www.youtube.com/shorts/CLRIUTjP52I,https://drive.google.com/file/d/13V784QV0ouEyAWvxVloKP1BKp78cfugw/view?t=2,,10K,744,@m_kyo
"ì–´ë¦´ì  ìì‹ ë“¤ì˜ ì˜ì›…ë“¤ì´ ì†ê°€ë½ì§ˆ í•˜ì, ì¼ë¡  ë¨¸ìŠ¤í¬ë„ ëˆˆë¬¼ì„ í˜ë ¸ë‹¤ #ì¼ë¡ ë¨¸ìŠ¤í¬ #í…ŒìŠ¬ë¼ #ì˜ì–´ #ì¸í„°ë·° #ì˜ì–´íšŒí™”",https://www.youtube.com/shorts/E4y9fK4a1zY,https://drive.google.com/file/d/13V784QV0ouEyAWvxVloKP1BKp78cfugw/view?t=2,,15K,541,@him_eng
ì¼ë¡ ë¨¸ìŠ¤í¬ ìë…€ ì§„ë¡œì— ëŒ€í•œ ì¡°ì–¸,https://www.youtube.com/shorts/N3oaMzySQHA,https://drive.google.com/file/d/13V784QV0ouEyAWvxVloKP1BKp78cfugw/view?t=2,,15K,93,@JigeumMoment
ë¨¸ìŠ¤í¬ê°€ ë„ì§€ì½”ì¸ì„ ë¯¸ëŠ” ì´ìœ ,https://www.youtube.com/shorts/cJv1_lalWhE,https://drive.google.com/file/d/13V784QV0ouEyAWvxVloKP1BKp78cfugw/view?t=2,,19K,162,@TommyTradingTV
ì¼ë¡ ë¨¸ìŠ¤í¬ íšŒì‚¬ ë©´ì ‘ ì§ˆë¬¸,https://www.youtube.com/shorts/sipXR9UjslQ,https://drive.google.com/file/d/13V784QV0ouEyAWvxVloKP1BKp78cfugw/view?t=2,,4K,984,@Urightmotivation